{
  "count": 1,
  "value": [
    {
      "id": 352,
      "rev": 3,
      "fields": {
        "System.AreaPath": "Cost Optimization",
        "System.TeamProject": "Cost Optimization",
        "System.IterationPath": "$ProjectName$\\Sprint 1",
        "System.WorkItemType": "Epic",
        "System.State": "New",
        "System.Reason": "New epic",
        "System.CreatedDate": "2020-08-20T04:19:53.367Z",
        "System.CreatedBy": "Adele Hoe <adelehoe@microsoft.com>",
        "System.ChangedDate": "2020-08-20T05:55:11.52Z",
        "System.ChangedBy": "Adele Hoe <adelehoe@microsoft.com>",
        "System.Title": "Cost Optimizations",
        "Microsoft.VSTS.Scheduling.Effort": 0.0,
        "System.Description": null,
        "System.AssignedTo": null,
        "Microsoft.VSTS.Scheduling.RemainingWork": 0.0,
        "Microsoft.VSTS.Common.Priority": 2.0,
        "System.BoardLane": null,
        "System.Tags": null,
        "Microsoft.VSTS.TCM.Steps": null,
        "Microsoft.VSTS.TCM.Parameters": null,
        "Microsoft.VSTS.TCM.LocalDataSource": null,
        "Microsoft.VSTS.TCM.AutomationStatus": null,
        "System.History": null
      },
      "relations": [
        {
          "rel": "System.LinkTypes.Hierarchy-Forward",
          "url": "https://dev.azure.com/adelehoe/_apis/wit/workItems/369",
          "attributes": {
            "isLocked": "false",
            "name": "Child"
          }
        },
        {
          "rel": "System.LinkTypes.Hierarchy-Forward",
          "url": "https://dev.azure.com/adelehoe/_apis/wit/workItems/348",
          "attributes": {
            "isLocked": "false",
            "name": "Child"
          }
        },
        {
          "rel": "System.LinkTypes.Hierarchy-Forward",
          "url": "https://dev.azure.com/adelehoe/_apis/wit/workItems/368",
          "attributes": {
            "isLocked": "false",
            "name": "Child"
          }
        }
      ],
      "url": "https://dev.azure.com/adelehoe/_apis/wit/workItems/352"
    }
  ],
  "HttpStatusCode": 0,
  "Message": null
}