{
  "count": 33,
  "value": [
    {
      "id": 351,
      "rev": 3,
      "fields": {
        "System.AreaPath": "Cost Optimization",
        "System.TeamProject": "Cost Optimization",
        "System.IterationPath": "$ProjectName$\\Sprint 1",
        "System.WorkItemType": "Product Backlog Item",
        "System.State": "New",
        "System.Reason": "New backlog item",
        "System.CreatedDate": "2020-08-20T04:08:55.113Z",
        "System.CreatedBy": "Adele Hoe <adelehoe@microsoft.com>",
        "System.ChangedDate": "2020-08-20T04:34:45.787Z",
        "System.ChangedBy": "Adele Hoe <adelehoe@microsoft.com>",
        "System.Title": "Project 1 Optimization",
        "Microsoft.VSTS.Scheduling.Effort": 0.0,
        "System.Description": null,
        "System.AssignedTo": null,
        "Microsoft.VSTS.Scheduling.RemainingWork": 0.0,
        "Microsoft.VSTS.Common.Priority": 2.0,
        "System.BoardLane": null,
        "System.Tags": null,
        "Microsoft.VSTS.TCM.Steps": null,
        "Microsoft.VSTS.TCM.Parameters": null,
        "Microsoft.VSTS.TCM.LocalDataSource": null,
        "Microsoft.VSTS.TCM.AutomationStatus": null,
        "System.History": null
      },
      "relations": [
        {
          "rel": "System.LinkTypes.Hierarchy-Reverse",
          "url": "https://dev.azure.com/adelehoe/_apis/wit/workItems/369",
          "attributes": {
            "isLocked": "false",
            "name": "Parent"
          }
        }
      ],
      "url": "https://dev.azure.com/adelehoe/_apis/wit/workItems/351"
    },
    {
      "id": 350,
      "rev": 6,
      "fields": {
        "System.AreaPath": "Cost Optimization",
        "System.TeamProject": "Cost Optimization",
        "System.IterationPath": "$ProjectName$\\Sprint 1",
        "System.WorkItemType": "Product Backlog Item",
        "System.State": "New",
        "System.Reason": "New backlog item",
        "System.CreatedDate": "2020-08-20T04:08:10.29Z",
        "System.CreatedBy": "Adele Hoe <adelehoe@microsoft.com>",
        "System.ChangedDate": "2020-10-05T09:19:14.37Z",
        "System.ChangedBy": "Adele Hoe <adelehoe@microsoft.com>",
        "System.Title": "Storage review",
        "Microsoft.VSTS.Scheduling.Effort": 0.0,
        "System.Description": "<div>Storage Usage: analyze storage optimization, and waste in redundancy (GRS, RA-GRS, ZRS) <a href=\"https://docs.microsoft.com/en-us/azure/storage/common/storage-plan-manage-costs\">https://docs.microsoft.com/en-us/azure/storage/common/storage-plan-manage-costs</a><br></div>",
        "System.AssignedTo": null,
        "Microsoft.VSTS.Scheduling.RemainingWork": 0.0,
        "Microsoft.VSTS.Common.Priority": 2.0,
        "System.BoardLane": null,
        "System.Tags": null,
        "Microsoft.VSTS.TCM.Steps": null,
        "Microsoft.VSTS.TCM.Parameters": null,
        "Microsoft.VSTS.TCM.LocalDataSource": null,
        "Microsoft.VSTS.TCM.AutomationStatus": null,
        "System.History": null
      },
      "relations": [
        {
          "rel": "System.LinkTypes.Hierarchy-Reverse",
          "url": "https://dev.azure.com/adelehoe/_apis/wit/workItems/348",
          "attributes": {
            "isLocked": "false",
            "name": "Parent"
          }
        }
      ],
      "url": "https://dev.azure.com/adelehoe/_apis/wit/workItems/350"
    },
    {
      "id": 349,
      "rev": 5,
      "fields": {
        "System.AreaPath": "Cost Optimization",
        "System.TeamProject": "Cost Optimization",
        "System.IterationPath": "$ProjectName$\\Sprint 1",
        "System.WorkItemType": "Product Backlog Item",
        "System.State": "New",
        "System.Reason": "New backlog item",
        "System.CreatedDate": "2020-08-20T04:08:00.997Z",
        "System.CreatedBy": "Adele Hoe <adelehoe@microsoft.com>",
        "System.ChangedDate": "2020-10-05T09:18:58.713Z",
        "System.ChangedBy": "Adele Hoe <adelehoe@microsoft.com>",
        "System.Title": "Hybrid Benefit",
        "Microsoft.VSTS.Scheduling.Effort": 0.0,
        "System.Description": "<div><a href=\"https://docs.microsoft.com/en-us/azure/virtual-machines/windows/hybrid-use-benefit-licensing\">https://docs.microsoft.com/en-us/azure/virtual-machines/windows/hybrid-use-benefit-licensing</a><br></div>",
        "System.AssignedTo": null,
        "Microsoft.VSTS.Scheduling.RemainingWork": 0.0,
        "Microsoft.VSTS.Common.Priority": 2.0,
        "System.BoardLane": null,
        "System.Tags": null,
        "Microsoft.VSTS.TCM.Steps": null,
        "Microsoft.VSTS.TCM.Parameters": null,
        "Microsoft.VSTS.TCM.LocalDataSource": null,
        "Microsoft.VSTS.TCM.AutomationStatus": null,
        "System.History": null
      },
      "relations": [
        {
          "rel": "System.LinkTypes.Hierarchy-Forward",
          "url": "https://dev.azure.com/adelehoe/_apis/wit/workItems/377",
          "attributes": {
            "isLocked": "false",
            "name": "Child"
          }
        },
        {
          "rel": "System.LinkTypes.Hierarchy-Reverse",
          "url": "https://dev.azure.com/adelehoe/_apis/wit/workItems/348",
          "attributes": {
            "isLocked": "false",
            "name": "Parent"
          }
        },
        {
          "rel": "System.LinkTypes.Hierarchy-Forward",
          "url": "https://dev.azure.com/adelehoe/_apis/wit/workItems/376",
          "attributes": {
            "isLocked": "false",
            "name": "Child"
          }
        }
      ],
      "url": "https://dev.azure.com/adelehoe/_apis/wit/workItems/349"
    },
    {
      "id": 353,
      "rev": 6,
      "fields": {
        "System.AreaPath": "Cost Optimization",
        "System.TeamProject": "Cost Optimization",
        "System.IterationPath": "$ProjectName$\\Sprint 1",
        "System.WorkItemType": "Product Backlog Item",
        "System.State": "New",
        "System.Reason": "New backlog item",
        "System.CreatedDate": "2020-08-20T04:21:53.81Z",
        "System.CreatedBy": "Adele Hoe <adelehoe@microsoft.com>",
        "System.ChangedDate": "2020-10-05T09:19:24.737Z",
        "System.ChangedBy": "Adele Hoe <adelehoe@microsoft.com>",
        "System.Title": "Azure Advisor review ",
        "Microsoft.VSTS.Scheduling.Effort": 0.0,
        "System.Description": "<div><a href=\"https://docs.microsoft.com/en-us/azure/advisor/advisor-cost-recommendations\">https://docs.microsoft.com/en-us/azure/advisor/advisor-cost-recommendations</a><br></div>",
        "System.AssignedTo": null,
        "Microsoft.VSTS.Scheduling.RemainingWork": 0.0,
        "Microsoft.VSTS.Common.Priority": 2.0,
        "System.BoardLane": null,
        "System.Tags": null,
        "Microsoft.VSTS.TCM.Steps": null,
        "Microsoft.VSTS.TCM.Parameters": null,
        "Microsoft.VSTS.TCM.LocalDataSource": null,
        "Microsoft.VSTS.TCM.AutomationStatus": null,
        "System.History": null
      },
      "relations": [
        {
          "rel": "System.LinkTypes.Hierarchy-Forward",
          "url": "https://dev.azure.com/adelehoe/_apis/wit/workItems/374",
          "attributes": {
            "isLocked": "false",
            "name": "Child"
          }
        },
        {
          "rel": "System.LinkTypes.Hierarchy-Forward",
          "url": "https://dev.azure.com/adelehoe/_apis/wit/workItems/375",
          "attributes": {
            "isLocked": "false",
            "name": "Child"
          }
        },
        {
          "rel": "System.LinkTypes.Hierarchy-Reverse",
          "url": "https://dev.azure.com/adelehoe/_apis/wit/workItems/348",
          "attributes": {
            "isLocked": "false",
            "name": "Parent"
          }
        }
      ],
      "url": "https://dev.azure.com/adelehoe/_apis/wit/workItems/353"
    },
    {
      "id": 354,
      "rev": 4,
      "fields": {
        "System.AreaPath": "Cost Optimization",
        "System.TeamProject": "Cost Optimization",
        "System.IterationPath": "$ProjectName$\\Sprint 1",
        "System.WorkItemType": "Product Backlog Item",
        "System.State": "New",
        "System.Reason": "New backlog item",
        "System.CreatedDate": "2020-08-20T04:22:32.597Z",
        "System.CreatedBy": "Adele Hoe <adelehoe@microsoft.com>",
        "System.ChangedDate": "2020-10-05T09:19:40.257Z",
        "System.ChangedBy": "Adele Hoe <adelehoe@microsoft.com>",
        "System.Title": "Reserved Instances",
        "Microsoft.VSTS.Scheduling.Effort": 0.0,
        "System.Description": "<div><span style=\"font-size:11.0pt;font-family:&quot;Calibri&quot;,sans-serif;\">Know your service needs. Estimating demand and planning your capacity drives efficiency. Reserved instances can save you money over time. <a href=\"https://docs.microsoft.com/en-us/azure/cost-management-billing/reservations/save-compute-costs-reservations\">https://docs.microsoft.com/en-us/azure/cost-management-billing/reservations/save-compute-costs-reservations</a></span><br></div>",
        "System.AssignedTo": null,
        "Microsoft.VSTS.Scheduling.RemainingWork": 0.0,
        "Microsoft.VSTS.Common.Priority": 2.0,
        "System.BoardLane": null,
        "System.Tags": null,
        "Microsoft.VSTS.TCM.Steps": null,
        "Microsoft.VSTS.TCM.Parameters": null,
        "Microsoft.VSTS.TCM.LocalDataSource": null,
        "Microsoft.VSTS.TCM.AutomationStatus": null,
        "System.History": null
      },
      "relations": [
        {
          "rel": "System.LinkTypes.Hierarchy-Reverse",
          "url": "https://dev.azure.com/adelehoe/_apis/wit/workItems/348",
          "attributes": {
            "isLocked": "false",
            "name": "Parent"
          }
        },
        {
          "rel": "System.LinkTypes.Hierarchy-Forward",
          "url": "https://dev.azure.com/adelehoe/_apis/wit/workItems/355",
          "attributes": {
            "isLocked": "false",
            "name": "Child"
          }
        },
        {
          "rel": "System.LinkTypes.Hierarchy-Forward",
          "url": "https://dev.azure.com/adelehoe/_apis/wit/workItems/372",
          "attributes": {
            "isLocked": "false",
            "name": "Child"
          }
        },
        {
          "rel": "System.LinkTypes.Hierarchy-Forward",
          "url": "https://dev.azure.com/adelehoe/_apis/wit/workItems/373",
          "attributes": {
            "isLocked": "false",
            "name": "Child"
          }
        },
        {
          "rel": "System.LinkTypes.Hierarchy-Forward",
          "url": "https://dev.azure.com/adelehoe/_apis/wit/workItems/356",
          "attributes": {
            "isLocked": "false",
            "name": "Child"
          }
        },
        {
          "rel": "System.LinkTypes.Hierarchy-Forward",
          "url": "https://dev.azure.com/adelehoe/_apis/wit/workItems/371",
          "attributes": {
            "isLocked": "false",
            "name": "Child"
          }
        }
      ],
      "url": "https://dev.azure.com/adelehoe/_apis/wit/workItems/354"
    },
    {
      "id": 357,
      "rev": 3,
      "fields": {
        "System.AreaPath": "Cost Optimization",
        "System.TeamProject": "Cost Optimization",
        "System.IterationPath": "$ProjectName$\\Sprint 1",
        "System.WorkItemType": "Product Backlog Item",
        "System.State": "New",
        "System.Reason": "New backlog item",
        "System.CreatedDate": "2020-08-20T04:23:26.227Z",
        "System.CreatedBy": "Adele Hoe <adelehoe@microsoft.com>",
        "System.ChangedDate": "2020-10-05T09:23:21.94Z",
        "System.ChangedBy": "Adele Hoe <adelehoe@microsoft.com>",
        "System.Title": "Cost Optimization assessment",
        "Microsoft.VSTS.Scheduling.Effort": 0.0,
        "System.Description": "<div><a href=\"https://docs.microsoft.com/en-us/assessments/?id=azure-architecture-review&amp;mode=pre-assessment\">https://docs.microsoft.com/en-us/assessments/?id=azure-architecture-review&amp;mode=pre-assessment</a><br></div>",
        "System.AssignedTo": null,
        "Microsoft.VSTS.Scheduling.RemainingWork": 0.0,
        "Microsoft.VSTS.Common.Priority": 2.0,
        "System.BoardLane": null,
        "System.Tags": null,
        "Microsoft.VSTS.TCM.Steps": null,
        "Microsoft.VSTS.TCM.Parameters": null,
        "Microsoft.VSTS.TCM.LocalDataSource": null,
        "Microsoft.VSTS.TCM.AutomationStatus": null,
        "System.History": null
      },
      "relations": [
        {
          "rel": "System.LinkTypes.Hierarchy-Reverse",
          "url": "https://dev.azure.com/adelehoe/_apis/wit/workItems/368",
          "attributes": {
            "isLocked": "false",
            "name": "Parent"
          }
        }
      ],
      "url": "https://dev.azure.com/adelehoe/_apis/wit/workItems/357"
    },
    {
      "id": 358,
      "rev": 3,
      "fields": {
        "System.AreaPath": "Cost Optimization",
        "System.TeamProject": "Cost Optimization",
        "System.IterationPath": "$ProjectName$\\Sprint 1",
        "System.WorkItemType": "Product Backlog Item",
        "System.State": "New",
        "System.Reason": "New backlog item",
        "System.CreatedDate": "2020-08-20T04:23:58.553Z",
        "System.CreatedBy": "Adele Hoe <adelehoe@microsoft.com>",
        "System.ChangedDate": "2020-10-05T09:19:50.657Z",
        "System.ChangedBy": "Adele Hoe <adelehoe@microsoft.com>",
        "System.Title": "VM sizing review",
        "Microsoft.VSTS.Scheduling.Effort": 0.0,
        "System.Description": "<div><a href=\"https://docs.microsoft.com/en-us/azure/advisor/advisor-cost-recommendations#optimize-virtual-machine-spend-by-resizing-or-shutting-down-underutilized-instances\">https://docs.microsoft.com/en-us/azure/advisor/advisor-cost-recommendations#optimize-virtual-machine-spend-by-resizing-or-shutting-down-underutilized-instances</a><br></div>",
        "System.AssignedTo": null,
        "Microsoft.VSTS.Scheduling.RemainingWork": 0.0,
        "Microsoft.VSTS.Common.Priority": 2.0,
        "System.BoardLane": null,
        "System.Tags": null,
        "Microsoft.VSTS.TCM.Steps": null,
        "Microsoft.VSTS.TCM.Parameters": null,
        "Microsoft.VSTS.TCM.LocalDataSource": null,
        "Microsoft.VSTS.TCM.AutomationStatus": null,
        "System.History": null
      },
      "relations": [
        {
          "rel": "System.LinkTypes.Hierarchy-Reverse",
          "url": "https://dev.azure.com/adelehoe/_apis/wit/workItems/348",
          "attributes": {
            "isLocked": "false",
            "name": "Parent"
          }
        }
      ],
      "url": "https://dev.azure.com/adelehoe/_apis/wit/workItems/358"
    },
    {
      "id": 359,
      "rev": 3,
      "fields": {
        "System.AreaPath": "Cost Optimization",
        "System.TeamProject": "Cost Optimization",
        "System.IterationPath": "$ProjectName$\\Sprint 1",
        "System.WorkItemType": "Product Backlog Item",
        "System.State": "New",
        "System.Reason": "New backlog item",
        "System.CreatedDate": "2020-08-20T04:24:17.603Z",
        "System.CreatedBy": "Adele Hoe <adelehoe@microsoft.com>",
        "System.ChangedDate": "2020-10-05T09:19:59.407Z",
        "System.ChangedBy": "Adele Hoe <adelehoe@microsoft.com>",
        "System.Title": "VM shutdown review",
        "Microsoft.VSTS.Scheduling.Effort": 0.0,
        "System.Description": "<div>Auto-shutdown dev machines during non-working hours. Create Azure runbook to automate shutdown/startup. &nbsp;<a href=\"https://docs.microsoft.com/en-us/azure/automation/automation-solution-vm-management\">https://docs.microsoft.com/en-us/azure/automation/automation-solution-vm-management</a><br></div>",
        "System.AssignedTo": null,
        "Microsoft.VSTS.Scheduling.RemainingWork": 0.0,
        "Microsoft.VSTS.Common.Priority": 2.0,
        "System.BoardLane": null,
        "System.Tags": null,
        "Microsoft.VSTS.TCM.Steps": null,
        "Microsoft.VSTS.TCM.Parameters": null,
        "Microsoft.VSTS.TCM.LocalDataSource": null,
        "Microsoft.VSTS.TCM.AutomationStatus": null,
        "System.History": null
      },
      "relations": [
        {
          "rel": "System.LinkTypes.Hierarchy-Reverse",
          "url": "https://dev.azure.com/adelehoe/_apis/wit/workItems/348",
          "attributes": {
            "isLocked": "false",
            "name": "Parent"
          }
        }
      ],
      "url": "https://dev.azure.com/adelehoe/_apis/wit/workItems/359"
    },
    {
      "id": 360,
      "rev": 3,
      "fields": {
        "System.AreaPath": "Cost Optimization",
        "System.TeamProject": "Cost Optimization",
        "System.IterationPath": "$ProjectName$\\Sprint 1",
        "System.WorkItemType": "Product Backlog Item",
        "System.State": "New",
        "System.Reason": "New backlog item",
        "System.CreatedDate": "2020-08-20T04:24:43.877Z",
        "System.CreatedBy": "Adele Hoe <adelehoe@microsoft.com>",
        "System.ChangedDate": "2020-10-05T09:20:09.377Z",
        "System.ChangedBy": "Adele Hoe <adelehoe@microsoft.com>",
        "System.Title": "Scale in / Scale out",
        "Microsoft.VSTS.Scheduling.Effort": 0.0,
        "System.Description": "<div><a href=\"https://docs.microsoft.com/en-us/azure/virtual-machine-scale-sets/overview\">https://docs.microsoft.com/en-us/azure/virtual-machine-scale-sets/overview</a><br></div>",
        "System.AssignedTo": null,
        "Microsoft.VSTS.Scheduling.RemainingWork": 0.0,
        "Microsoft.VSTS.Common.Priority": 2.0,
        "System.BoardLane": null,
        "System.Tags": null,
        "Microsoft.VSTS.TCM.Steps": null,
        "Microsoft.VSTS.TCM.Parameters": null,
        "Microsoft.VSTS.TCM.LocalDataSource": null,
        "Microsoft.VSTS.TCM.AutomationStatus": null,
        "System.History": null
      },
      "relations": [
        {
          "rel": "System.LinkTypes.Hierarchy-Reverse",
          "url": "https://dev.azure.com/adelehoe/_apis/wit/workItems/348",
          "attributes": {
            "isLocked": "false",
            "name": "Parent"
          }
        }
      ],
      "url": "https://dev.azure.com/adelehoe/_apis/wit/workItems/360"
    },
    {
      "id": 393,
      "rev": 1,
      "fields": {
        "System.AreaPath": "Cost Optimization",
        "System.TeamProject": "Cost Optimization",
        "System.IterationPath": "$ProjectName$\\Sprint 1",
        "System.WorkItemType": "Product Backlog Item",
        "System.State": "New",
        "System.Reason": "New backlog item",
        "System.CreatedDate": "2020-10-05T09:26:52.483Z",
        "System.CreatedBy": "Adele Hoe <adelehoe@microsoft.com>",
        "System.ChangedDate": "2020-10-05T09:26:52.483Z",
        "System.ChangedBy": "Adele Hoe <adelehoe@microsoft.com>",
        "System.Title": "Azure Advisor - set up Recommendation Digest",
        "Microsoft.VSTS.Scheduling.Effort": 0.0,
        "System.Description": "<div><a href=\"https://docs.microsoft.com/en-us/azure/advisor/advisor-recommendations-digest\">https://docs.microsoft.com/en-us/azure/advisor/advisor-recommendations-digest</a> <br></div>",
        "System.AssignedTo": null,
        "Microsoft.VSTS.Scheduling.RemainingWork": 0.0,
        "Microsoft.VSTS.Common.Priority": 2.0,
        "System.BoardLane": null,
        "System.Tags": null,
        "Microsoft.VSTS.TCM.Steps": null,
        "Microsoft.VSTS.TCM.Parameters": null,
        "Microsoft.VSTS.TCM.LocalDataSource": null,
        "Microsoft.VSTS.TCM.AutomationStatus": null,
        "System.History": null
      },
      "relations": [
        {
          "rel": "System.LinkTypes.Hierarchy-Reverse",
          "url": "https://dev.azure.com/adelehoe/_apis/wit/workItems/368",
          "attributes": {
            "isLocked": "false",
            "name": "Parent"
          }
        }
      ],
      "url": "https://dev.azure.com/adelehoe/_apis/wit/workItems/393"
    },
    {
      "id": 392,
      "rev": 1,
      "fields": {
        "System.AreaPath": "Cost Optimization",
        "System.TeamProject": "Cost Optimization",
        "System.IterationPath": "$ProjectName$\\Sprint 1",
        "System.WorkItemType": "Product Backlog Item",
        "System.State": "New",
        "System.Reason": "New backlog item",
        "System.CreatedDate": "2020-10-05T09:26:25.07Z",
        "System.CreatedBy": "Adele Hoe <adelehoe@microsoft.com>",
        "System.ChangedDate": "2020-10-05T09:26:25.07Z",
        "System.ChangedBy": "Adele Hoe <adelehoe@microsoft.com>",
        "System.Title": "Monitoring logs retention",
        "Microsoft.VSTS.Scheduling.Effort": 0.0,
        "System.Description": "<div>Review retention frequency and retention period. &nbsp;https://docs.microsoft.com/en-us/azure/azure-monitor/platform/manage-cost-storage <br></div>",
        "System.AssignedTo": null,
        "Microsoft.VSTS.Scheduling.RemainingWork": 0.0,
        "Microsoft.VSTS.Common.Priority": 2.0,
        "System.BoardLane": null,
        "System.Tags": null,
        "Microsoft.VSTS.TCM.Steps": null,
        "Microsoft.VSTS.TCM.Parameters": null,
        "Microsoft.VSTS.TCM.LocalDataSource": null,
        "Microsoft.VSTS.TCM.AutomationStatus": null,
        "System.History": null
      },
      "relations": [
        {
          "rel": "System.LinkTypes.Hierarchy-Reverse",
          "url": "https://dev.azure.com/adelehoe/_apis/wit/workItems/369",
          "attributes": {
            "isLocked": "false",
            "name": "Parent"
          }
        }
      ],
      "url": "https://dev.azure.com/adelehoe/_apis/wit/workItems/392"
    },
    {
      "id": 391,
      "rev": 1,
      "fields": {
        "System.AreaPath": "Cost Optimization",
        "System.TeamProject": "Cost Optimization",
        "System.IterationPath": "$ProjectName$\\Sprint 1",
        "System.WorkItemType": "Product Backlog Item",
        "System.State": "New",
        "System.Reason": "New backlog item",
        "System.CreatedDate": "2020-10-05T09:25:37.763Z",
        "System.CreatedBy": "Adele Hoe <adelehoe@microsoft.com>",
        "System.ChangedDate": "2020-10-05T09:25:37.763Z",
        "System.ChangedBy": "Adele Hoe <adelehoe@microsoft.com>",
        "System.Title": "SQL IaaS VMs",
        "Microsoft.VSTS.Scheduling.Effort": 0.0,
        "System.Description": "<div>Enable resource provider to get automated backup/patching and reduce operational effort and costs. https://docs.microsoft.com/en-us/azure/azure-sql/virtual-machines/windows/sql-vm-resource-provider-register?tabs=azure-cli%2Cbash <br></div>",
        "System.AssignedTo": null,
        "Microsoft.VSTS.Scheduling.RemainingWork": 0.0,
        "Microsoft.VSTS.Common.Priority": 2.0,
        "System.BoardLane": null,
        "System.Tags": null,
        "Microsoft.VSTS.TCM.Steps": null,
        "Microsoft.VSTS.TCM.Parameters": null,
        "Microsoft.VSTS.TCM.LocalDataSource": null,
        "Microsoft.VSTS.TCM.AutomationStatus": null,
        "System.History": null
      },
      "relations": [
        {
          "rel": "System.LinkTypes.Hierarchy-Reverse",
          "url": "https://dev.azure.com/adelehoe/_apis/wit/workItems/369",
          "attributes": {
            "isLocked": "false",
            "name": "Parent"
          }
        }
      ],
      "url": "https://dev.azure.com/adelehoe/_apis/wit/workItems/391"
    },
    {
      "id": 390,
      "rev": 3,
      "fields": {
        "System.AreaPath": "Cost Optimization",
        "System.TeamProject": "Cost Optimization",
        "System.IterationPath": "$ProjectName$\\Sprint 1",
        "System.WorkItemType": "Product Backlog Item",
        "System.State": "New",
        "System.Reason": "New backlog item",
        "System.CreatedDate": "2020-08-26T01:37:39.46Z",
        "System.CreatedBy": "Adele Hoe <adelehoe@microsoft.com>",
        "System.ChangedDate": "2020-10-05T09:22:29.113Z",
        "System.ChangedBy": "Adele Hoe <adelehoe@microsoft.com>",
        "System.Title": "ExpressRoute circuit",
        "Microsoft.VSTS.Scheduling.Effort": 0.0,
        "System.Description": "<div>Unprovisioned or underutilised - <a href=\"https://docs.microsoft.com/en-us/azure/expressroute/expressroute-circuit-peerings\">https://docs.microsoft.com/en-us/azure/expressroute/expressroute-circuit-peerings</a><br></div>",
        "System.AssignedTo": null,
        "Microsoft.VSTS.Scheduling.RemainingWork": 0.0,
        "Microsoft.VSTS.Common.Priority": 2.0,
        "System.BoardLane": null,
        "System.Tags": null,
        "Microsoft.VSTS.TCM.Steps": null,
        "Microsoft.VSTS.TCM.Parameters": null,
        "Microsoft.VSTS.TCM.LocalDataSource": null,
        "Microsoft.VSTS.TCM.AutomationStatus": null,
        "System.History": null
      },
      "relations": [
        {
          "rel": "System.LinkTypes.Hierarchy-Reverse",
          "url": "https://dev.azure.com/adelehoe/_apis/wit/workItems/348",
          "attributes": {
            "isLocked": "false",
            "name": "Parent"
          }
        }
      ],
      "url": "https://dev.azure.com/adelehoe/_apis/wit/workItems/390"
    },
    {
      "id": 389,
      "rev": 2,
      "fields": {
        "System.AreaPath": "Cost Optimization",
        "System.TeamProject": "Cost Optimization",
        "System.IterationPath": "$ProjectName$\\Sprint 1",
        "System.WorkItemType": "Product Backlog Item",
        "System.State": "New",
        "System.Reason": "New backlog item",
        "System.CreatedDate": "2020-08-26T01:36:42.08Z",
        "System.CreatedBy": "Adele Hoe <adelehoe@microsoft.com>",
        "System.ChangedDate": "2020-10-05T09:22:19.313Z",
        "System.ChangedBy": "Adele Hoe <adelehoe@microsoft.com>",
        "System.Title": "Idle vnet gateways",
        "Microsoft.VSTS.Scheduling.Effort": 0.0,
        "System.Description": "<div>unused or Gateway that has never reached 900MB of throughput on a day rolling 45 days - <a href=\"https://docs.microsoft.com/en-us/rest/api/network-gateway/virtualnetworkgateways/delete\">https://docs.microsoft.com/en-us/rest/api/network-gateway/virtualnetworkgateways/delete</a><br></div>",
        "System.AssignedTo": null,
        "Microsoft.VSTS.Scheduling.RemainingWork": 0.0,
        "Microsoft.VSTS.Common.Priority": 2.0,
        "System.BoardLane": null,
        "System.Tags": null,
        "Microsoft.VSTS.TCM.Steps": null,
        "Microsoft.VSTS.TCM.Parameters": null,
        "Microsoft.VSTS.TCM.LocalDataSource": null,
        "Microsoft.VSTS.TCM.AutomationStatus": null,
        "System.History": null
      },
      "relations": [
        {
          "rel": "System.LinkTypes.Hierarchy-Reverse",
          "url": "https://dev.azure.com/adelehoe/_apis/wit/workItems/348",
          "attributes": {
            "isLocked": "false",
            "name": "Parent"
          }
        }
      ],
      "url": "https://dev.azure.com/adelehoe/_apis/wit/workItems/389"
    },
    {
      "id": 388,
      "rev": 2,
      "fields": {
        "System.AreaPath": "Cost Optimization",
        "System.TeamProject": "Cost Optimization",
        "System.IterationPath": "$ProjectName$\\Sprint 1",
        "System.WorkItemType": "Product Backlog Item",
        "System.State": "New",
        "System.Reason": "New backlog item",
        "System.CreatedDate": "2020-08-26T01:36:09.437Z",
        "System.CreatedBy": "Adele Hoe <adelehoe@microsoft.com>",
        "System.ChangedDate": "2020-10-05T09:22:04.063Z",
        "System.ChangedBy": "Adele Hoe <adelehoe@microsoft.com>",
        "System.Title": "App Service utilisation",
        "Microsoft.VSTS.Scheduling.Effort": 0.0,
        "System.Description": "<div>Right size the App Service based usage, and apply auto scale <a href=\"https://docs.microsoft.com/en-us/azure/app-service/manage-scale-up\">https://docs.microsoft.com/en-us/azure/app-service/manage-scale-up</a><br></div>",
        "System.AssignedTo": null,
        "Microsoft.VSTS.Scheduling.RemainingWork": 0.0,
        "Microsoft.VSTS.Common.Priority": 2.0,
        "System.BoardLane": null,
        "System.Tags": null,
        "Microsoft.VSTS.TCM.Steps": null,
        "Microsoft.VSTS.TCM.Parameters": null,
        "Microsoft.VSTS.TCM.LocalDataSource": null,
        "Microsoft.VSTS.TCM.AutomationStatus": null,
        "System.History": null
      },
      "relations": [
        {
          "rel": "System.LinkTypes.Hierarchy-Reverse",
          "url": "https://dev.azure.com/adelehoe/_apis/wit/workItems/348",
          "attributes": {
            "isLocked": "false",
            "name": "Parent"
          }
        }
      ],
      "url": "https://dev.azure.com/adelehoe/_apis/wit/workItems/388"
    },
    {
      "id": 387,
      "rev": 2,
      "fields": {
        "System.AreaPath": "Cost Optimization",
        "System.TeamProject": "Cost Optimization",
        "System.IterationPath": "$ProjectName$\\Sprint 1",
        "System.WorkItemType": "Product Backlog Item",
        "System.State": "New",
        "System.Reason": "New backlog item",
        "System.CreatedDate": "2020-08-26T01:34:48.24Z",
        "System.CreatedBy": "Adele Hoe <adelehoe@microsoft.com>",
        "System.ChangedDate": "2020-10-05T09:21:52.44Z",
        "System.ChangedBy": "Adele Hoe <adelehoe@microsoft.com>",
        "System.Title": "Review budget alerts",
        "Microsoft.VSTS.Scheduling.Effort": 0.0,
        "System.Description": "<div>Ensure that the budgets are applied at the appropriate scopes (subscriptions, resource Group). alerts percentage of the budget (e.g. 85%, 90% of budget) sends to the appropriate contacts<br></div>",
        "System.AssignedTo": null,
        "Microsoft.VSTS.Scheduling.RemainingWork": 0.0,
        "Microsoft.VSTS.Common.Priority": 2.0,
        "System.BoardLane": null,
        "System.Tags": null,
        "Microsoft.VSTS.TCM.Steps": null,
        "Microsoft.VSTS.TCM.Parameters": null,
        "Microsoft.VSTS.TCM.LocalDataSource": null,
        "Microsoft.VSTS.TCM.AutomationStatus": null,
        "System.History": null
      },
      "relations": [
        {
          "rel": "System.LinkTypes.Hierarchy-Reverse",
          "url": "https://dev.azure.com/adelehoe/_apis/wit/workItems/348",
          "attributes": {
            "isLocked": "false",
            "name": "Parent"
          }
        }
      ],
      "url": "https://dev.azure.com/adelehoe/_apis/wit/workItems/387"
    },
    {
      "id": 386,
      "rev": 2,
      "fields": {
        "System.AreaPath": "Cost Optimization",
        "System.TeamProject": "Cost Optimization",
        "System.IterationPath": "$ProjectName$\\Sprint 1",
        "System.WorkItemType": "Product Backlog Item",
        "System.State": "New",
        "System.Reason": "New backlog item",
        "System.CreatedDate": "2020-08-25T09:12:20.893Z",
        "System.CreatedBy": "Adele Hoe <adelehoe@microsoft.com>",
        "System.ChangedDate": "2020-10-05T09:23:43.57Z",
        "System.ChangedBy": "Adele Hoe <adelehoe@microsoft.com>",
        "System.Title": "Create CCO Governance dashboard",
        "Microsoft.VSTS.Scheduling.Effort": 0.0,
        "System.Description": "<div>single pane of glass to get insights about your Azure resources and services. <a href=\"https://github.com/Azure/ccodashboard\">https://github.com/Azure/ccodashboard</a><br></div>",
        "System.AssignedTo": null,
        "Microsoft.VSTS.Scheduling.RemainingWork": 0.0,
        "Microsoft.VSTS.Common.Priority": 2.0,
        "System.BoardLane": null,
        "System.Tags": null,
        "Microsoft.VSTS.TCM.Steps": null,
        "Microsoft.VSTS.TCM.Parameters": null,
        "Microsoft.VSTS.TCM.LocalDataSource": null,
        "Microsoft.VSTS.TCM.AutomationStatus": null,
        "System.History": null
      },
      "relations": [
        {
          "rel": "System.LinkTypes.Hierarchy-Reverse",
          "url": "https://dev.azure.com/adelehoe/_apis/wit/workItems/368",
          "attributes": {
            "isLocked": "false",
            "name": "Parent"
          }
        }
      ],
      "url": "https://dev.azure.com/adelehoe/_apis/wit/workItems/386"
    },
    {
      "id": 385,
      "rev": 2,
      "fields": {
        "System.AreaPath": "Cost Optimization",
        "System.TeamProject": "Cost Optimization",
        "System.IterationPath": "$ProjectName$\\Sprint 1",
        "System.WorkItemType": "Product Backlog Item",
        "System.State": "New",
        "System.Reason": "New backlog item",
        "System.CreatedDate": "2020-08-25T09:12:06.887Z",
        "System.CreatedBy": "Adele Hoe <adelehoe@microsoft.com>",
        "System.ChangedDate": "2020-10-05T09:24:06.547Z",
        "System.ChangedBy": "Adele Hoe <adelehoe@microsoft.com>",
        "System.Title": "Create Cost Management dashboard",
        "Microsoft.VSTS.Scheduling.Effort": 0.0,
        "System.Description": "<div>Cost Management Template App <a href=\"https://docs.microsoft.com/en-us/azure/cost-management-billing/costs/analyze-cost-data-azure-cost-management-power-bi-template-app\">https://docs.microsoft.com/en-us/azure/cost-management-billing/costs/analyze-cost-data-azure-cost-management-power-bi-template-app</a><br></div>",
        "System.AssignedTo": null,
        "Microsoft.VSTS.Scheduling.RemainingWork": 0.0,
        "Microsoft.VSTS.Common.Priority": 2.0,
        "System.BoardLane": null,
        "System.Tags": null,
        "Microsoft.VSTS.TCM.Steps": null,
        "Microsoft.VSTS.TCM.Parameters": null,
        "Microsoft.VSTS.TCM.LocalDataSource": null,
        "Microsoft.VSTS.TCM.AutomationStatus": null,
        "System.History": null
      },
      "relations": [
        {
          "rel": "System.LinkTypes.Hierarchy-Reverse",
          "url": "https://dev.azure.com/adelehoe/_apis/wit/workItems/368",
          "attributes": {
            "isLocked": "false",
            "name": "Parent"
          }
        }
      ],
      "url": "https://dev.azure.com/adelehoe/_apis/wit/workItems/385"
    },
    {
      "id": 384,
      "rev": 2,
      "fields": {
        "System.AreaPath": "Cost Optimization",
        "System.TeamProject": "Cost Optimization",
        "System.IterationPath": "$ProjectName$\\Sprint 1",
        "System.WorkItemType": "Product Backlog Item",
        "System.State": "New",
        "System.Reason": "New backlog item",
        "System.CreatedDate": "2020-08-20T06:24:01.28Z",
        "System.CreatedBy": "Adele Hoe <adelehoe@microsoft.com>",
        "System.ChangedDate": "2020-10-05T09:24:33.713Z",
        "System.ChangedBy": "Adele Hoe <adelehoe@microsoft.com>",
        "System.Title": "Web applications on VMs to App Service PaaS",
        "Microsoft.VSTS.Scheduling.Effort": 0.0,
        "System.Description": "<div>assess web servers to reduce operations costs by using PaaS Services for .NET, PHP, and other web apps. <a href=\"https://appmigration.microsoft.com/\">https://appmigration.microsoft.com/</a><br></div>",
        "System.AssignedTo": null,
        "Microsoft.VSTS.Scheduling.RemainingWork": 0.0,
        "Microsoft.VSTS.Common.Priority": 2.0,
        "System.BoardLane": null,
        "System.Tags": null,
        "Microsoft.VSTS.TCM.Steps": null,
        "Microsoft.VSTS.TCM.Parameters": null,
        "Microsoft.VSTS.TCM.LocalDataSource": null,
        "Microsoft.VSTS.TCM.AutomationStatus": null,
        "System.History": null
      },
      "relations": [
        {
          "rel": "System.LinkTypes.Hierarchy-Reverse",
          "url": "https://dev.azure.com/adelehoe/_apis/wit/workItems/369",
          "attributes": {
            "isLocked": "false",
            "name": "Parent"
          }
        }
      ],
      "url": "https://dev.azure.com/adelehoe/_apis/wit/workItems/384"
    },
    {
      "id": 383,
      "rev": 2,
      "fields": {
        "System.AreaPath": "Cost Optimization",
        "System.TeamProject": "Cost Optimization",
        "System.IterationPath": "$ProjectName$\\Sprint 1",
        "System.WorkItemType": "Product Backlog Item",
        "System.State": "New",
        "System.Reason": "New backlog item",
        "System.CreatedDate": "2020-08-20T06:23:39.643Z",
        "System.CreatedBy": "Adele Hoe <adelehoe@microsoft.com>",
        "System.ChangedDate": "2020-10-05T09:24:23.033Z",
        "System.ChangedBy": "Adele Hoe <adelehoe@microsoft.com>",
        "System.Title": "SQL on IaaS to Azure SQL PaaS",
        "Microsoft.VSTS.Scheduling.Effort": 0.0,
        "System.Description": "<div>Reduce operations costs by using PaaS services (SQL, MySQL, MariaDB, etc) <a href=\"https://docs.microsoft.com/en-us/sql/dma/dma-overview?view=sql-server-ver15\">https://docs.microsoft.com/en-us/sql/dma/dma-overview?view=sql-server-ver15</a><br></div>",
        "System.AssignedTo": null,
        "Microsoft.VSTS.Scheduling.RemainingWork": 0.0,
        "Microsoft.VSTS.Common.Priority": 2.0,
        "System.BoardLane": null,
        "System.Tags": null,
        "Microsoft.VSTS.TCM.Steps": null,
        "Microsoft.VSTS.TCM.Parameters": null,
        "Microsoft.VSTS.TCM.LocalDataSource": null,
        "Microsoft.VSTS.TCM.AutomationStatus": null,
        "System.History": null
      },
      "relations": [
        {
          "rel": "System.LinkTypes.Hierarchy-Reverse",
          "url": "https://dev.azure.com/adelehoe/_apis/wit/workItems/369",
          "attributes": {
            "isLocked": "false",
            "name": "Parent"
          }
        }
      ],
      "url": "https://dev.azure.com/adelehoe/_apis/wit/workItems/383"
    },
    {
      "id": 382,
      "rev": 2,
      "fields": {
        "System.AreaPath": "Cost Optimization",
        "System.TeamProject": "Cost Optimization",
        "System.IterationPath": "$ProjectName$\\Sprint 1",
        "System.WorkItemType": "Product Backlog Item",
        "System.State": "New",
        "System.Reason": "New backlog item",
        "System.CreatedDate": "2020-08-20T06:17:27.95Z",
        "System.CreatedBy": "Adele Hoe <adelehoe@microsoft.com>",
        "System.ChangedDate": "2020-08-20T06:24:58.81Z",
        "System.ChangedBy": "Adele Hoe <adelehoe@microsoft.com>",
        "System.Title": "Set up recurring checkpoints",
        "Microsoft.VSTS.Scheduling.Effort": 0.0,
        "System.Description": "<div>Set up recurring meetings and checkpoints for working team</div><div><span style=\"display:inline !important;\">Set up recurring meetings and checkpoints for management</span><br></div><div></div>",
        "System.AssignedTo": null,
        "Microsoft.VSTS.Scheduling.RemainingWork": 0.0,
        "Microsoft.VSTS.Common.Priority": 2.0,
        "System.BoardLane": null,
        "System.Tags": null,
        "Microsoft.VSTS.TCM.Steps": null,
        "Microsoft.VSTS.TCM.Parameters": null,
        "Microsoft.VSTS.TCM.LocalDataSource": null,
        "Microsoft.VSTS.TCM.AutomationStatus": null,
        "System.History": null
      },
      "relations": [
        {
          "rel": "System.LinkTypes.Hierarchy-Reverse",
          "url": "https://dev.azure.com/adelehoe/_apis/wit/workItems/368",
          "attributes": {
            "isLocked": "false",
            "name": "Parent"
          }
        }
      ],
      "url": "https://dev.azure.com/adelehoe/_apis/wit/workItems/382"
    },
    {
      "id": 381,
      "rev": 1,
      "fields": {
        "System.AreaPath": "Cost Optimization",
        "System.TeamProject": "Cost Optimization",
        "System.IterationPath": "$ProjectName$\\Sprint 1",
        "System.WorkItemType": "Product Backlog Item",
        "System.State": "New",
        "System.Reason": "New backlog item",
        "System.CreatedDate": "2020-08-20T06:16:10.85Z",
        "System.CreatedBy": "Adele Hoe <adelehoe@microsoft.com>",
        "System.ChangedDate": "2020-08-20T06:16:10.85Z",
        "System.ChangedBy": "Adele Hoe <adelehoe@microsoft.com>",
        "System.Title": "Cost Optimization reports",
        "Microsoft.VSTS.Scheduling.Effort": 0.0,
        "System.Description": "<div>Create management report templates (Azure DevOps dashboard, Power BI, PowerPoint)</div><div>Frequency of reports</div><div>How the information will be distributed&nbsp;</div>",
        "System.AssignedTo": null,
        "Microsoft.VSTS.Scheduling.RemainingWork": 0.0,
        "Microsoft.VSTS.Common.Priority": 2.0,
        "System.BoardLane": null,
        "System.Tags": null,
        "Microsoft.VSTS.TCM.Steps": null,
        "Microsoft.VSTS.TCM.Parameters": null,
        "Microsoft.VSTS.TCM.LocalDataSource": null,
        "Microsoft.VSTS.TCM.AutomationStatus": null,
        "System.History": null
      },
      "relations": [
        {
          "rel": "System.LinkTypes.Hierarchy-Reverse",
          "url": "https://dev.azure.com/adelehoe/_apis/wit/workItems/368",
          "attributes": {
            "isLocked": "false",
            "name": "Parent"
          }
        }
      ],
      "url": "https://dev.azure.com/adelehoe/_apis/wit/workItems/381"
    },
    {
      "id": 380,
      "rev": 2,
      "fields": {
        "System.AreaPath": "Cost Optimization",
        "System.TeamProject": "Cost Optimization",
        "System.IterationPath": "$ProjectName$\\Sprint 1",
        "System.WorkItemType": "Product Backlog Item",
        "System.State": "New",
        "System.Reason": "New backlog item",
        "System.CreatedDate": "2020-08-20T06:15:05.243Z",
        "System.CreatedBy": "Adele Hoe <adelehoe@microsoft.com>",
        "System.ChangedDate": "2020-08-20T06:16:25.15Z",
        "System.ChangedBy": "Adele Hoe <adelehoe@microsoft.com>",
        "System.Title": "Cost Optimization metrics to track",
        "Microsoft.VSTS.Scheduling.Effort": 0.0,
        "System.Description": "<div>Determine frequency and the metrics to track.&nbsp;</div>",
        "System.AssignedTo": null,
        "Microsoft.VSTS.Scheduling.RemainingWork": 0.0,
        "Microsoft.VSTS.Common.Priority": 2.0,
        "System.BoardLane": null,
        "System.Tags": null,
        "Microsoft.VSTS.TCM.Steps": null,
        "Microsoft.VSTS.TCM.Parameters": null,
        "Microsoft.VSTS.TCM.LocalDataSource": null,
        "Microsoft.VSTS.TCM.AutomationStatus": null,
        "System.History": null
      },
      "relations": [
        {
          "rel": "System.LinkTypes.Hierarchy-Reverse",
          "url": "https://dev.azure.com/adelehoe/_apis/wit/workItems/368",
          "attributes": {
            "isLocked": "false",
            "name": "Parent"
          }
        }
      ],
      "url": "https://dev.azure.com/adelehoe/_apis/wit/workItems/380"
    },
    {
      "id": 379,
      "rev": 2,
      "fields": {
        "System.AreaPath": "Cost Optimization",
        "System.TeamProject": "Cost Optimization",
        "System.IterationPath": "$ProjectName$\\Sprint 1",
        "System.WorkItemType": "Product Backlog Item",
        "System.State": "New",
        "System.Reason": "New backlog item",
        "System.CreatedDate": "2020-08-20T06:11:19.183Z",
        "System.CreatedBy": "Adele Hoe <adelehoe@microsoft.com>",
        "System.ChangedDate": "2020-10-05T09:21:40.373Z",
        "System.ChangedBy": "Adele Hoe <adelehoe@microsoft.com>",
        "System.Title": "Egress bandwidth",
        "Microsoft.VSTS.Scheduling.Effort": 0.0,
        "System.Description": "<div>Review egress costs, and identify applications that have heavy network egress charges. Review the application architecture design. <br></div>",
        "System.AssignedTo": null,
        "Microsoft.VSTS.Scheduling.RemainingWork": 0.0,
        "Microsoft.VSTS.Common.Priority": 2.0,
        "System.BoardLane": null,
        "System.Tags": null,
        "Microsoft.VSTS.TCM.Steps": null,
        "Microsoft.VSTS.TCM.Parameters": null,
        "Microsoft.VSTS.TCM.LocalDataSource": null,
        "Microsoft.VSTS.TCM.AutomationStatus": null,
        "System.History": null
      },
      "relations": [
        {
          "rel": "System.LinkTypes.Hierarchy-Reverse",
          "url": "https://dev.azure.com/adelehoe/_apis/wit/workItems/348",
          "attributes": {
            "isLocked": "false",
            "name": "Parent"
          }
        }
      ],
      "url": "https://dev.azure.com/adelehoe/_apis/wit/workItems/379"
    },
    {
      "id": 378,
      "rev": 2,
      "fields": {
        "System.AreaPath": "Cost Optimization",
        "System.TeamProject": "Cost Optimization",
        "System.IterationPath": "$ProjectName$\\Sprint 1",
        "System.WorkItemType": "Product Backlog Item",
        "System.State": "New",
        "System.Reason": "New backlog item",
        "System.CreatedDate": "2020-08-20T05:59:50.327Z",
        "System.CreatedBy": "Adele Hoe <adelehoe@microsoft.com>",
        "System.ChangedDate": "2020-10-05T09:21:32.91Z",
        "System.ChangedBy": "Adele Hoe <adelehoe@microsoft.com>",
        "System.Title": "Spot VMs",
        "Microsoft.VSTS.Scheduling.Effort": 0.0,
        "System.Description": "<div>Use Spot VMs for low-priority workloads, or to provide scale in a compute intensive Batch process. <a href=\"https://docs.microsoft.com/en-us/azure/virtual-machines/spot-vms\">https://docs.microsoft.com/en-us/azure/virtual-machines/spot-vms</a><br></div>",
        "System.AssignedTo": null,
        "Microsoft.VSTS.Scheduling.RemainingWork": 0.0,
        "Microsoft.VSTS.Common.Priority": 2.0,
        "System.BoardLane": null,
        "System.Tags": null,
        "Microsoft.VSTS.TCM.Steps": null,
        "Microsoft.VSTS.TCM.Parameters": null,
        "Microsoft.VSTS.TCM.LocalDataSource": null,
        "Microsoft.VSTS.TCM.AutomationStatus": null,
        "System.History": null
      },
      "relations": [
        {
          "rel": "System.LinkTypes.Hierarchy-Reverse",
          "url": "https://dev.azure.com/adelehoe/_apis/wit/workItems/348",
          "attributes": {
            "isLocked": "false",
            "name": "Parent"
          }
        }
      ],
      "url": "https://dev.azure.com/adelehoe/_apis/wit/workItems/378"
    },
    {
      "id": 370,
      "rev": 2,
      "fields": {
        "System.AreaPath": "Cost Optimization",
        "System.TeamProject": "Cost Optimization",
        "System.IterationPath": "$ProjectName$\\Sprint 1",
        "System.WorkItemType": "Product Backlog Item",
        "System.State": "New",
        "System.Reason": "New backlog item",
        "System.CreatedDate": "2020-08-20T04:33:21.957Z",
        "System.CreatedBy": "Adele Hoe <adelehoe@microsoft.com>",
        "System.ChangedDate": "2020-08-20T04:34:55.457Z",
        "System.ChangedBy": "Adele Hoe <adelehoe@microsoft.com>",
        "System.Title": "Project 2 optimization",
        "Microsoft.VSTS.Scheduling.Effort": 0.0,
        "System.Description": null,
        "System.AssignedTo": null,
        "Microsoft.VSTS.Scheduling.RemainingWork": 0.0,
        "Microsoft.VSTS.Common.Priority": 2.0,
        "System.BoardLane": null,
        "System.Tags": null,
        "Microsoft.VSTS.TCM.Steps": null,
        "Microsoft.VSTS.TCM.Parameters": null,
        "Microsoft.VSTS.TCM.LocalDataSource": null,
        "Microsoft.VSTS.TCM.AutomationStatus": null,
        "System.History": null
      },
      "relations": [
        {
          "rel": "System.LinkTypes.Hierarchy-Reverse",
          "url": "https://dev.azure.com/adelehoe/_apis/wit/workItems/369",
          "attributes": {
            "isLocked": "false",
            "name": "Parent"
          }
        }
      ],
      "url": "https://dev.azure.com/adelehoe/_apis/wit/workItems/370"
    },
    {
      "id": 367,
      "rev": 2,
      "fields": {
        "System.AreaPath": "Cost Optimization",
        "System.TeamProject": "Cost Optimization",
        "System.IterationPath": "$ProjectName$\\Sprint 1",
        "System.WorkItemType": "Product Backlog Item",
        "System.State": "New",
        "System.Reason": "New backlog item",
        "System.CreatedDate": "2020-08-20T04:29:04.153Z",
        "System.CreatedBy": "Adele Hoe <adelehoe@microsoft.com>",
        "System.ChangedDate": "2020-10-05T09:21:23.85Z",
        "System.ChangedBy": "Adele Hoe <adelehoe@microsoft.com>",
        "System.Title": "Cosmos idle and unused containers",
        "Microsoft.VSTS.Scheduling.Effort": 0.0,
        "System.Description": "<div>Review containers design in Cosmos. <a href=\"https://docs.microsoft.com/en-us/azure/cosmos-db/plan-manage-costs\">https://docs.microsoft.com/en-us/azure/cosmos-db/plan-manage-costs</a><br></div>",
        "System.AssignedTo": null,
        "Microsoft.VSTS.Scheduling.RemainingWork": 0.0,
        "Microsoft.VSTS.Common.Priority": 2.0,
        "System.BoardLane": null,
        "System.Tags": null,
        "Microsoft.VSTS.TCM.Steps": null,
        "Microsoft.VSTS.TCM.Parameters": null,
        "Microsoft.VSTS.TCM.LocalDataSource": null,
        "Microsoft.VSTS.TCM.AutomationStatus": null,
        "System.History": null
      },
      "relations": [
        {
          "rel": "System.LinkTypes.Hierarchy-Reverse",
          "url": "https://dev.azure.com/adelehoe/_apis/wit/workItems/348",
          "attributes": {
            "isLocked": "false",
            "name": "Parent"
          }
        }
      ],
      "url": "https://dev.azure.com/adelehoe/_apis/wit/workItems/367"
    },
    {
      "id": 366,
      "rev": 2,
      "fields": {
        "System.AreaPath": "Cost Optimization",
        "System.TeamProject": "Cost Optimization",
        "System.IterationPath": "$ProjectName$\\Sprint 1",
        "System.WorkItemType": "Product Backlog Item",
        "System.State": "New",
        "System.Reason": "New backlog item",
        "System.CreatedDate": "2020-08-20T04:28:04.297Z",
        "System.CreatedBy": "Adele Hoe <adelehoe@microsoft.com>",
        "System.ChangedDate": "2020-10-05T09:21:09.197Z",
        "System.ChangedBy": "Adele Hoe <adelehoe@microsoft.com>",
        "System.Title": "Tagging review",
        "Microsoft.VSTS.Scheduling.Effort": 0.0,
        "System.Description": "<div></div>Look for untagged resources. Set up Policy to require tags. https://docs.microsoft.com/en-us/azure/azure-resource-manager/management/tag-resources<div></div>",
        "System.AssignedTo": null,
        "Microsoft.VSTS.Scheduling.RemainingWork": 0.0,
        "Microsoft.VSTS.Common.Priority": 2.0,
        "System.BoardLane": null,
        "System.Tags": null,
        "Microsoft.VSTS.TCM.Steps": null,
        "Microsoft.VSTS.TCM.Parameters": null,
        "Microsoft.VSTS.TCM.LocalDataSource": null,
        "Microsoft.VSTS.TCM.AutomationStatus": null,
        "System.History": null
      },
      "relations": [
        {
          "rel": "System.LinkTypes.Hierarchy-Reverse",
          "url": "https://dev.azure.com/adelehoe/_apis/wit/workItems/348",
          "attributes": {
            "isLocked": "false",
            "name": "Parent"
          }
        }
      ],
      "url": "https://dev.azure.com/adelehoe/_apis/wit/workItems/366"
    },
    {
      "id": 365,
      "rev": 2,
      "fields": {
        "System.AreaPath": "Cost Optimization",
        "System.TeamProject": "Cost Optimization",
        "System.IterationPath": "$ProjectName$\\Sprint 1",
        "System.WorkItemType": "Product Backlog Item",
        "System.State": "New",
        "System.Reason": "New backlog item",
        "System.CreatedDate": "2020-08-20T04:27:08.387Z",
        "System.CreatedBy": "Adele Hoe <adelehoe@microsoft.com>",
        "System.ChangedDate": "2020-10-05T09:20:59.233Z",
        "System.ChangedBy": "Adele Hoe <adelehoe@microsoft.com>",
        "System.Title": "Idle IPs",
        "Microsoft.VSTS.Scheduling.Effort": 0.0,
        "System.Description": "<div>Advisor identifies public IP addresses that aren't associated with Azure resources like load balancers and VMs. A nominal charge is associated with these public IP addresses<br></div>",
        "System.AssignedTo": null,
        "Microsoft.VSTS.Scheduling.RemainingWork": 0.0,
        "Microsoft.VSTS.Common.Priority": 2.0,
        "System.BoardLane": null,
        "System.Tags": null,
        "Microsoft.VSTS.TCM.Steps": null,
        "Microsoft.VSTS.TCM.Parameters": null,
        "Microsoft.VSTS.TCM.LocalDataSource": null,
        "Microsoft.VSTS.TCM.AutomationStatus": null,
        "System.History": null
      },
      "relations": [
        {
          "rel": "System.LinkTypes.Hierarchy-Reverse",
          "url": "https://dev.azure.com/adelehoe/_apis/wit/workItems/348",
          "attributes": {
            "isLocked": "false",
            "name": "Parent"
          }
        }
      ],
      "url": "https://dev.azure.com/adelehoe/_apis/wit/workItems/365"
    },
    {
      "id": 364,
      "rev": 2,
      "fields": {
        "System.AreaPath": "Cost Optimization",
        "System.TeamProject": "Cost Optimization",
        "System.IterationPath": "$ProjectName$\\Sprint 1",
        "System.WorkItemType": "Product Backlog Item",
        "System.State": "New",
        "System.Reason": "New backlog item",
        "System.CreatedDate": "2020-08-20T04:26:43.03Z",
        "System.CreatedBy": "Adele Hoe <adelehoe@microsoft.com>",
        "System.ChangedDate": "2020-10-05T09:20:41.89Z",
        "System.ChangedBy": "Adele Hoe <adelehoe@microsoft.com>",
        "System.Title": "ADF failing pipeline review",
        "Microsoft.VSTS.Scheduling.Effort": 0.0,
        "System.Description": "<div>Look for pipelines that are unused. <a href=\"https://docs.microsoft.com/en-us/azure/data-factory/concepts-pipelines-activities\">https://docs.microsoft.com/en-us/azure/data-factory/concepts-pipelines-activities</a><br></div>",
        "System.AssignedTo": null,
        "Microsoft.VSTS.Scheduling.RemainingWork": 0.0,
        "Microsoft.VSTS.Common.Priority": 2.0,
        "System.BoardLane": null,
        "System.Tags": null,
        "Microsoft.VSTS.TCM.Steps": null,
        "Microsoft.VSTS.TCM.Parameters": null,
        "Microsoft.VSTS.TCM.LocalDataSource": null,
        "Microsoft.VSTS.TCM.AutomationStatus": null,
        "System.History": null
      },
      "relations": [
        {
          "rel": "System.LinkTypes.Hierarchy-Reverse",
          "url": "https://dev.azure.com/adelehoe/_apis/wit/workItems/348",
          "attributes": {
            "isLocked": "false",
            "name": "Parent"
          }
        }
      ],
      "url": "https://dev.azure.com/adelehoe/_apis/wit/workItems/364"
    },
    {
      "id": 363,
      "rev": 2,
      "fields": {
        "System.AreaPath": "Cost Optimization",
        "System.TeamProject": "Cost Optimization",
        "System.IterationPath": "$ProjectName$\\Sprint 1",
        "System.WorkItemType": "Product Backlog Item",
        "System.State": "New",
        "System.Reason": "New backlog item",
        "System.CreatedDate": "2020-08-20T04:26:30.517Z",
        "System.CreatedBy": "Adele Hoe <adelehoe@microsoft.com>",
        "System.ChangedDate": "2020-08-26T01:38:14.437Z",
        "System.ChangedBy": "Adele Hoe <adelehoe@microsoft.com>",
        "System.Title": "SQL sizing review",
        "Microsoft.VSTS.Scheduling.Effort": 0.0,
        "System.Description": "<div>target SQL PaaS databases to hit between 40-80%\naverage DTU utilization<br></div>",
        "System.AssignedTo": null,
        "Microsoft.VSTS.Scheduling.RemainingWork": 0.0,
        "Microsoft.VSTS.Common.Priority": 2.0,
        "System.BoardLane": null,
        "System.Tags": null,
        "Microsoft.VSTS.TCM.Steps": null,
        "Microsoft.VSTS.TCM.Parameters": null,
        "Microsoft.VSTS.TCM.LocalDataSource": null,
        "Microsoft.VSTS.TCM.AutomationStatus": null,
        "System.History": null
      },
      "relations": [
        {
          "rel": "System.LinkTypes.Hierarchy-Reverse",
          "url": "https://dev.azure.com/adelehoe/_apis/wit/workItems/348",
          "attributes": {
            "isLocked": "false",
            "name": "Parent"
          }
        }
      ],
      "url": "https://dev.azure.com/adelehoe/_apis/wit/workItems/363"
    },
    {
      "id": 362,
      "rev": 2,
      "fields": {
        "System.AreaPath": "Cost Optimization",
        "System.TeamProject": "Cost Optimization",
        "System.IterationPath": "$ProjectName$\\Sprint 1",
        "System.WorkItemType": "Product Backlog Item",
        "System.State": "New",
        "System.Reason": "New backlog item",
        "System.CreatedDate": "2020-08-20T04:26:20.777Z",
        "System.CreatedBy": "Adele Hoe <adelehoe@microsoft.com>",
        "System.ChangedDate": "2020-10-05T09:20:30.237Z",
        "System.ChangedBy": "Adele Hoe <adelehoe@microsoft.com>",
        "System.Title": "Cosmos sizing review",
        "Microsoft.VSTS.Scheduling.Effort": 0.0,
        "System.Description": "<div>Review utilization in Cosmos and right size the throughput. Select lower throughput for dev/test. Consider auto-scaling. Consider serverless for Dev/Test. <br></div>",
        "System.AssignedTo": null,
        "Microsoft.VSTS.Scheduling.RemainingWork": 0.0,
        "Microsoft.VSTS.Common.Priority": 2.0,
        "System.BoardLane": null,
        "System.Tags": null,
        "Microsoft.VSTS.TCM.Steps": null,
        "Microsoft.VSTS.TCM.Parameters": null,
        "Microsoft.VSTS.TCM.LocalDataSource": null,
        "Microsoft.VSTS.TCM.AutomationStatus": null,
        "System.History": null
      },
      "relations": [
        {
          "rel": "System.LinkTypes.Hierarchy-Reverse",
          "url": "https://dev.azure.com/adelehoe/_apis/wit/workItems/348",
          "attributes": {
            "isLocked": "false",
            "name": "Parent"
          }
        }
      ],
      "url": "https://dev.azure.com/adelehoe/_apis/wit/workItems/362"
    },
    {
      "id": 361,
      "rev": 3,
      "fields": {
        "System.AreaPath": "Cost Optimization",
        "System.TeamProject": "Cost Optimization",
        "System.IterationPath": "$ProjectName$\\Sprint 1",
        "System.WorkItemType": "Product Backlog Item",
        "System.State": "New",
        "System.Reason": "New backlog item",
        "System.CreatedDate": "2020-08-20T04:25:09.597Z",
        "System.CreatedBy": "Adele Hoe <adelehoe@microsoft.com>",
        "System.ChangedDate": "2020-10-05T09:20:20.137Z",
        "System.ChangedBy": "Adele Hoe <adelehoe@microsoft.com>",
        "System.Title": "Orphan disks",
        "Microsoft.VSTS.Scheduling.Effort": 0.0,
        "System.Description": "<div><span style=\"font-size:11.0pt;font-family:&quot;Calibri&quot;,sans-serif;\">Delete unattached disk storage. Disk storage acts as the local block storage for a VM and remains active even if a VM is deleted. <a href=\"https://docs.microsoft.com/en-us/azure/virtual-machines/windows/find-unattached-disks\">https://docs.microsoft.com/en-us/azure/virtual-machines/windows/find-unattached-disks</a></span><br></div>",
        "System.AssignedTo": null,
        "Microsoft.VSTS.Scheduling.RemainingWork": 0.0,
        "Microsoft.VSTS.Common.Priority": 2.0,
        "System.BoardLane": null,
        "System.Tags": null,
        "Microsoft.VSTS.TCM.Steps": null,
        "Microsoft.VSTS.TCM.Parameters": null,
        "Microsoft.VSTS.TCM.LocalDataSource": null,
        "Microsoft.VSTS.TCM.AutomationStatus": null,
        "System.History": null
      },
      "relations": [
        {
          "rel": "System.LinkTypes.Hierarchy-Reverse",
          "url": "https://dev.azure.com/adelehoe/_apis/wit/workItems/348",
          "attributes": {
            "isLocked": "false",
            "name": "Parent"
          }
        }
      ],
      "url": "https://dev.azure.com/adelehoe/_apis/wit/workItems/361"
    }
  ],
  "HttpStatusCode": 0,
  "Message": null
}