{
  "count": 9,
  "value": [
    {
      "id": 377,
      "rev": 1,
      "fields": {
        "System.AreaPath": "Cost Optimization",
        "System.TeamProject": "Cost Optimization",
        "System.IterationPath": "$ProjectName$\\Sprint 1",
        "System.WorkItemType": "Task",
        "System.State": "To Do",
        "System.Reason": "New task",
        "System.CreatedDate": "2020-08-20T05:45:09.53Z",
        "System.CreatedBy": "Adele Hoe <adelehoe@microsoft.com>",
        "System.ChangedDate": "2020-08-20T05:45:09.53Z",
        "System.ChangedBy": "Adele Hoe <adelehoe@microsoft.com>",
        "System.Title": "Activate any new AHUBs",
        "Microsoft.VSTS.Scheduling.Effort": 0.0,
        "System.Description": null,
        "System.AssignedTo": null,
        "Microsoft.VSTS.Scheduling.RemainingWork": 0.0,
        "Microsoft.VSTS.Common.Priority": 2.0,
        "System.BoardLane": null,
        "System.Tags": null,
        "Microsoft.VSTS.TCM.Steps": null,
        "Microsoft.VSTS.TCM.Parameters": null,
        "Microsoft.VSTS.TCM.LocalDataSource": null,
        "Microsoft.VSTS.TCM.AutomationStatus": null,
        "System.History": null
      },
      "relations": [
        {
          "rel": "System.LinkTypes.Hierarchy-Reverse",
          "url": "https://dev.azure.com/adelehoe/_apis/wit/workItems/349",
          "attributes": {
            "isLocked": "false",
            "name": "Parent"
          }
        }
      ],
      "url": "https://dev.azure.com/adelehoe/_apis/wit/workItems/377"
    },
    {
      "id": 376,
      "rev": 2,
      "fields": {
        "System.AreaPath": "Cost Optimization",
        "System.TeamProject": "Cost Optimization",
        "System.IterationPath": "$ProjectName$\\Sprint 1",
        "System.WorkItemType": "Task",
        "System.State": "In Progress",
        "System.Reason": "Work started",
        "System.CreatedDate": "2020-08-20T05:44:42.877Z",
        "System.CreatedBy": "Adele Hoe <adelehoe@microsoft.com>",
        "System.ChangedDate": "2020-08-20T06:40:20.58Z",
        "System.ChangedBy": "Adele Hoe <adelehoe@microsoft.com>",
        "System.Title": "Review AHUB usage",
        "Microsoft.VSTS.Scheduling.Effort": 0.0,
        "System.Description": null,
        "System.AssignedTo": null,
        "Microsoft.VSTS.Scheduling.RemainingWork": 0.0,
        "Microsoft.VSTS.Common.Priority": 2.0,
        "System.BoardLane": null,
        "System.Tags": null,
        "Microsoft.VSTS.TCM.Steps": null,
        "Microsoft.VSTS.TCM.Parameters": null,
        "Microsoft.VSTS.TCM.LocalDataSource": null,
        "Microsoft.VSTS.TCM.AutomationStatus": null,
        "System.History": null
      },
      "relations": [
        {
          "rel": "System.LinkTypes.Hierarchy-Reverse",
          "url": "https://dev.azure.com/adelehoe/_apis/wit/workItems/349",
          "attributes": {
            "isLocked": "false",
            "name": "Parent"
          }
        }
      ],
      "url": "https://dev.azure.com/adelehoe/_apis/wit/workItems/376"
    },
    {
      "id": 375,
      "rev": 1,
      "fields": {
        "System.AreaPath": "Cost Optimization",
        "System.TeamProject": "Cost Optimization",
        "System.IterationPath": "$ProjectName$\\Sprint 1",
        "System.WorkItemType": "Task",
        "System.State": "To Do",
        "System.Reason": "New task",
        "System.CreatedDate": "2020-08-20T05:44:32.93Z",
        "System.CreatedBy": "Adele Hoe <adelehoe@microsoft.com>",
        "System.ChangedDate": "2020-08-20T05:44:32.93Z",
        "System.ChangedBy": "Adele Hoe <adelehoe@microsoft.com>",
        "System.Title": "Select Advisor items to remediate this sprint",
        "Microsoft.VSTS.Scheduling.Effort": 0.0,
        "System.Description": null,
        "System.AssignedTo": null,
        "Microsoft.VSTS.Scheduling.RemainingWork": 0.0,
        "Microsoft.VSTS.Common.Priority": 2.0,
        "System.BoardLane": null,
        "System.Tags": null,
        "Microsoft.VSTS.TCM.Steps": null,
        "Microsoft.VSTS.TCM.Parameters": null,
        "Microsoft.VSTS.TCM.LocalDataSource": null,
        "Microsoft.VSTS.TCM.AutomationStatus": null,
        "System.History": null
      },
      "relations": [
        {
          "rel": "System.LinkTypes.Hierarchy-Reverse",
          "url": "https://dev.azure.com/adelehoe/_apis/wit/workItems/353",
          "attributes": {
            "isLocked": "false",
            "name": "Parent"
          }
        }
      ],
      "url": "https://dev.azure.com/adelehoe/_apis/wit/workItems/375"
    },
    {
      "id": 374,
      "rev": 1,
      "fields": {
        "System.AreaPath": "Cost Optimization",
        "System.TeamProject": "Cost Optimization",
        "System.IterationPath": "$ProjectName$\\Sprint 1",
        "System.WorkItemType": "Task",
        "System.State": "To Do",
        "System.Reason": "New task",
        "System.CreatedDate": "2020-08-20T05:44:14.873Z",
        "System.CreatedBy": "Adele Hoe <adelehoe@microsoft.com>",
        "System.ChangedDate": "2020-08-20T05:44:14.873Z",
        "System.ChangedBy": "Adele Hoe <adelehoe@microsoft.com>",
        "System.Title": "Export Advisor results",
        "Microsoft.VSTS.Scheduling.Effort": 0.0,
        "System.Description": null,
        "System.AssignedTo": null,
        "Microsoft.VSTS.Scheduling.RemainingWork": 0.0,
        "Microsoft.VSTS.Common.Priority": 2.0,
        "System.BoardLane": null,
        "System.Tags": null,
        "Microsoft.VSTS.TCM.Steps": null,
        "Microsoft.VSTS.TCM.Parameters": null,
        "Microsoft.VSTS.TCM.LocalDataSource": null,
        "Microsoft.VSTS.TCM.AutomationStatus": null,
        "System.History": null
      },
      "relations": [
        {
          "rel": "System.LinkTypes.Hierarchy-Reverse",
          "url": "https://dev.azure.com/adelehoe/_apis/wit/workItems/353",
          "attributes": {
            "isLocked": "false",
            "name": "Parent"
          }
        }
      ],
      "url": "https://dev.azure.com/adelehoe/_apis/wit/workItems/374"
    },
    {
      "id": 373,
      "rev": 1,
      "fields": {
        "System.AreaPath": "Cost Optimization",
        "System.TeamProject": "Cost Optimization",
        "System.IterationPath": "$ProjectName$\\Sprint 1",
        "System.WorkItemType": "Task",
        "System.State": "To Do",
        "System.Reason": "New task",
        "System.CreatedDate": "2020-08-20T05:18:32.22Z",
        "System.CreatedBy": "Adele Hoe <adelehoe@microsoft.com>",
        "System.ChangedDate": "2020-08-20T05:18:32.22Z",
        "System.ChangedBy": "Adele Hoe <adelehoe@microsoft.com>",
        "System.Title": "RI for Disk storage",
        "Microsoft.VSTS.Scheduling.Effort": 0.0,
        "System.Description": null,
        "System.AssignedTo": null,
        "Microsoft.VSTS.Scheduling.RemainingWork": 0.0,
        "Microsoft.VSTS.Common.Priority": 2.0,
        "System.BoardLane": null,
        "System.Tags": null,
        "Microsoft.VSTS.TCM.Steps": null,
        "Microsoft.VSTS.TCM.Parameters": null,
        "Microsoft.VSTS.TCM.LocalDataSource": null,
        "Microsoft.VSTS.TCM.AutomationStatus": null,
        "System.History": null
      },
      "relations": [
        {
          "rel": "System.LinkTypes.Hierarchy-Reverse",
          "url": "https://dev.azure.com/adelehoe/_apis/wit/workItems/354",
          "attributes": {
            "isLocked": "false",
            "name": "Parent"
          }
        }
      ],
      "url": "https://dev.azure.com/adelehoe/_apis/wit/workItems/373"
    },
    {
      "id": 372,
      "rev": 1,
      "fields": {
        "System.AreaPath": "Cost Optimization",
        "System.TeamProject": "Cost Optimization",
        "System.IterationPath": "$ProjectName$\\Sprint 1",
        "System.WorkItemType": "Task",
        "System.State": "To Do",
        "System.Reason": "New task",
        "System.CreatedDate": "2020-08-20T05:17:45.437Z",
        "System.CreatedBy": "Adele Hoe <adelehoe@microsoft.com>",
        "System.ChangedDate": "2020-08-20T05:17:45.437Z",
        "System.ChangedBy": "Adele Hoe <adelehoe@microsoft.com>",
        "System.Title": "RI for Databricks",
        "Microsoft.VSTS.Scheduling.Effort": 0.0,
        "System.Description": null,
        "System.AssignedTo": null,
        "Microsoft.VSTS.Scheduling.RemainingWork": 0.0,
        "Microsoft.VSTS.Common.Priority": 2.0,
        "System.BoardLane": null,
        "System.Tags": null,
        "Microsoft.VSTS.TCM.Steps": null,
        "Microsoft.VSTS.TCM.Parameters": null,
        "Microsoft.VSTS.TCM.LocalDataSource": null,
        "Microsoft.VSTS.TCM.AutomationStatus": null,
        "System.History": null
      },
      "relations": [
        {
          "rel": "System.LinkTypes.Hierarchy-Reverse",
          "url": "https://dev.azure.com/adelehoe/_apis/wit/workItems/354",
          "attributes": {
            "isLocked": "false",
            "name": "Parent"
          }
        }
      ],
      "url": "https://dev.azure.com/adelehoe/_apis/wit/workItems/372"
    },
    {
      "id": 371,
      "rev": 2,
      "fields": {
        "System.AreaPath": "Cost Optimization",
        "System.TeamProject": "Cost Optimization",
        "System.IterationPath": "$ProjectName$\\Sprint 1",
        "System.WorkItemType": "Task",
        "System.State": "To Do",
        "System.Reason": "New task",
        "System.CreatedDate": "2020-08-20T05:16:32.64Z",
        "System.CreatedBy": "Adele Hoe <adelehoe@microsoft.com>",
        "System.ChangedDate": "2020-08-20T05:18:41.993Z",
        "System.ChangedBy": "Adele Hoe <adelehoe@microsoft.com>",
        "System.Title": "RI for Blob/ADLS Storage",
        "Microsoft.VSTS.Scheduling.Effort": 0.0,
        "System.Description": null,
        "System.AssignedTo": null,
        "Microsoft.VSTS.Scheduling.RemainingWork": 0.0,
        "Microsoft.VSTS.Common.Priority": 2.0,
        "System.BoardLane": null,
        "System.Tags": null,
        "Microsoft.VSTS.TCM.Steps": null,
        "Microsoft.VSTS.TCM.Parameters": null,
        "Microsoft.VSTS.TCM.LocalDataSource": null,
        "Microsoft.VSTS.TCM.AutomationStatus": null,
        "System.History": null
      },
      "relations": [
        {
          "rel": "System.LinkTypes.Hierarchy-Reverse",
          "url": "https://dev.azure.com/adelehoe/_apis/wit/workItems/354",
          "attributes": {
            "isLocked": "false",
            "name": "Parent"
          }
        }
      ],
      "url": "https://dev.azure.com/adelehoe/_apis/wit/workItems/371"
    },
    {
      "id": 356,
      "rev": 3,
      "fields": {
        "System.AreaPath": "Cost Optimization",
        "System.TeamProject": "Cost Optimization",
        "System.IterationPath": "$ProjectName$\\Sprint 1",
        "System.WorkItemType": "Task",
        "System.State": "To Do",
        "System.Reason": "New task",
        "System.CreatedDate": "2020-08-20T04:22:52.023Z",
        "System.CreatedBy": "Adele Hoe <adelehoe@microsoft.com>",
        "System.ChangedDate": "2020-08-20T05:16:40.833Z",
        "System.ChangedBy": "Adele Hoe <adelehoe@microsoft.com>",
        "System.Title": "RI for databases",
        "Microsoft.VSTS.Scheduling.Effort": 0.0,
        "System.Description": null,
        "System.AssignedTo": null,
        "Microsoft.VSTS.Scheduling.RemainingWork": 0.0,
        "Microsoft.VSTS.Common.Priority": 2.0,
        "System.BoardLane": null,
        "System.Tags": null,
        "Microsoft.VSTS.TCM.Steps": null,
        "Microsoft.VSTS.TCM.Parameters": null,
        "Microsoft.VSTS.TCM.LocalDataSource": null,
        "Microsoft.VSTS.TCM.AutomationStatus": null,
        "System.History": null
      },
      "relations": [
        {
          "rel": "System.LinkTypes.Hierarchy-Reverse",
          "url": "https://dev.azure.com/adelehoe/_apis/wit/workItems/354",
          "attributes": {
            "isLocked": "false",
            "name": "Parent"
          }
        }
      ],
      "url": "https://dev.azure.com/adelehoe/_apis/wit/workItems/356"
    },
    {
      "id": 355,
      "rev": 1,
      "fields": {
        "System.AreaPath": "Cost Optimization",
        "System.TeamProject": "Cost Optimization",
        "System.IterationPath": "$ProjectName$\\Sprint 1",
        "System.WorkItemType": "Task",
        "System.State": "To Do",
        "System.Reason": "New task",
        "System.CreatedDate": "2020-08-20T04:22:40.833Z",
        "System.CreatedBy": "Adele Hoe <adelehoe@microsoft.com>",
        "System.ChangedDate": "2020-08-20T04:22:40.833Z",
        "System.ChangedBy": "Adele Hoe <adelehoe@microsoft.com>",
        "System.Title": "RI for VMs",
        "Microsoft.VSTS.Scheduling.Effort": 0.0,
        "System.Description": null,
        "System.AssignedTo": null,
        "Microsoft.VSTS.Scheduling.RemainingWork": 0.0,
        "Microsoft.VSTS.Common.Priority": 2.0,
        "System.BoardLane": null,
        "System.Tags": null,
        "Microsoft.VSTS.TCM.Steps": null,
        "Microsoft.VSTS.TCM.Parameters": null,
        "Microsoft.VSTS.TCM.LocalDataSource": null,
        "Microsoft.VSTS.TCM.AutomationStatus": null,
        "System.History": null
      },
      "relations": [
        {
          "rel": "System.LinkTypes.Hierarchy-Reverse",
          "url": "https://dev.azure.com/adelehoe/_apis/wit/workItems/354",
          "attributes": {
            "isLocked": "false",
            "name": "Parent"
          }
        }
      ],
      "url": "https://dev.azure.com/adelehoe/_apis/wit/workItems/355"
    }
  ],
  "HttpStatusCode": 0,
  "Message": null
}